{
  "version": 2,
  "builds": [
    {
      "src": "src/server.ts",
      "use": "@vercel/node"
    }
  ],
  "routes": [
    {
      "src": "/api/(.*)",
      "dest": "src/server.ts"
    },
    {
      "src": "/(.*)",
      "dest": "src/server.ts"
    }
  ],
  "headers": [
    {
      "source": "/api/(.*)",
      "headers": [
        {
          "key": "Access-Control-Allow-Origin",
          "value": "https://scorex-live.vercel.app"
        },
        {
          "key": "Access-Control-Allow-Credentials",
          "value": "true"
        }
      ]
    },
    {
      "source": "/overlays/(.*)",
      "headers": [
        {
          "key": "Cache-Control",
          "value": "public, max-age=31536000, immutable"
        },
        {
          "key": "Access-Control-Allow-Origin",
          "value": "*"
        }
      ]
    },
    {
      "source": "/(.*)\\.(js|css|woff|woff2|ttf|eot|svg|png|jpg|jpeg|gif|ico|webp|avif)$",
      "headers": [
        {
          "key": "Cache-Control",
          "value": "public, max-age=31536000, immutable"
        }
      ]
    },
    {
      "source": "/sw.js",
      "headers": [
        {
          "key": "Cache-Control",
          "value": "no-cache, no-store, must-revalidate"
        }
      ]
    }
  ]
}
