{
  "version": 2,
  "builds": [
    {
      "src": "package.json",
      "use": "@vercel/static-build",
      "config": {
        "distDir": "dist"
      }
    }
  ],
  "rewrites": [
    {
      "source": "/api/(.*)",
      "destination": "https://scorex-backend.onrender.com/api/v1/$1"
    },
    {
      "source": "/overlays/(.*)",
      "destination": "/overlays/$1"
    },
    {
      "source": "/(.*)",
      "destination": "/index.html"
    }
  ],
  "headers": [
    {
      "source": "/(.*)",
      "headers": [
        {
          "key": "X-Robots-Tag",
          "value": "index, follow"
        },
        {
          "key": "Cache-Control",
          "value": "public, max-age=31536000, immutable"
        }
      ]
    }
  ]
}
